{
    "children":[
        {
            "text":"我的应用",
            "leaf":false,
            "children":[
                {
                    "text":"安装的应用",
                    "leaf":true,
                    "aliasname":"userInstallApplication"
                },
                {
                    "text":"应用管理",
                    "leaf":true
                }
            ]
            
        },
        {
            "text":"应用市场",
            "leaf":false,
            "children":[
                {
                    "text":"人气排名",
                    "leaf":true,
                    "aliasname":"hotRankApplication"
                },
                {
                    "text":"上传时间",
                    "leaf":true
                },
                {
                    "text":"全部应用",
                    "leaf":true,
                    "aliasname":"applicationAllGrid"
                }
            ]
            
        },
        {
            "text":"上传的应用",
            "leaf":false,
            "children":[
                {
                    "text":"上传我的应用",
                    "leaf":true
                },
                {
                    "text":"待审核应用",
                    "leaf":true,
                    "aliasname":"unCheckApplication"
                },
                {
                    "text":"已审核应用",
                    "leaf":true,
                    "aliasname":"checkApplication"
                }
            ]
            
        }
    ]
}